{
  "product_name": "ComposeForDataLakes",
  "product_version": "6.6.0.234",
  "created_on": "08/12/2020 18:41:58",
  "objects": [
    {
      "id": 1,
      "path": "/",
      "name": "settings",
      "type": "ACProjectSettings",
      "creation_time": 0,
      "modification_time": 0,
      "inner_item": {
        "$type": "ACProjectSettings",
        "lowest_date": "1780-01-01",
        "highest_date": "9999-12-31",
        "unknown_date": "7777-07-07",
        "unknown_string": "Unknown",
        "map_name_prefix": "Map",
        "stop_after_staging": false,
        "use_datetime2": false,
        "unknown_guid": "00000000-0000-0000-0000-000000000000",
        "unknown_number": "0",
        "unknown_byte": "0",
        "dwh_key_name": "ID",
        "naming_conv": {
          "dwh_prefix": "",
          "hub_suffix": "",
          "sat_suffix": "",
          "lnk_suffix": "_L",
          "dma_prefix": "TDMA_",
          "dwh_view_prefix": "v_",
          "replicate_change_table_suffix": "__ct",
          "error_mart_suffix": "__ex",
          "dma_view_prefix": "VDMA_",
          "ct_archive_suffix": "__ar",
          "current_view_name_suffix": "_current",
          "column_prefix": "header__",
          "from_date_suffix": "from_date",
          "to_date_suffix": "to_date",
          "soft_delete_suffix": "deleted",
          "created_batch_suffix": "created_batch",
          "modified_batch_suffix": "modified_batch",
          "dropped_column_suffix": "__dropped",
          "control_table_prefix": "attcmps_",
          "provisioning_table_prefix": ""
        },
        "create_ddl_scripts_only": false,
        "ignore_data_type_check": false,
        "write_tdwm_to_db": false,
        "hide_default_workflows": false,
        "exclude_to_date": true,
        "acid_transactions": false,
        "big_data_project_type": "HISTORICAL_DATASTORE_WITHOUT_ACID",
        "dwh_type": "HADOOPSPARK",
        "rno_ins": "RUNNO_INSERT",
        "rno_upd": "RUNNO_UPDATE",
        "soft_delete": true,
        "hard_delete": false,
        "user_var_list": {
          "usrvarlst": []
        },
        "uuid": "82cb52d4-3b0b-41ce-a461-a9cbd0b471d2",
        "get_md_via_select_query": false,
        "defaults_base_location": {},
        "name": "settings",
        "version": 636988498491760000,
        "metadata": {
          "creation_time": 636904501319540000,
          "modification_time": 636988498491760000,
          "tags": [],
          "caller_role": "NONE"
        }
      },
      "tags": [],
      "software_version": 3
    },
    {
      "id": 4,
      "path": "/",
      "name": "AWS Data Lake",
      "type": "Database",
      "creation_time": 0,
      "modification_time": 0,
      "inner_item": {
        "$type": "DatabaseDto",
        "usage": "DATA_WAREHOUSE",
        "dbms": "Apache Spark",
        "server_name": "localhost",
        "database_name": "AWS Data Lake",
        "user_name": "hive",
        "included_schemas": "storage",
        "templateDatabaseType": "HADOOPSPARK",
        "dma_schema": "storage",
        "original_sourcedb_id": 0,
        "has_source_definition": false,
        "landing_zone": {
          "landing_type": "DATABASE",
          "replicate_task_type": "FULL_LOAD_AND_CDC",
          "associate_with_replicate_task": false,
          "archive_settings": {
            "ct_post_processing": "DO_NOTHING"
          }
        },
        "display_name": "Apache Spark",
        "port": 10000,
        "db_settings": {
          "$type": "SparkDbSettings",
          "data_store": {
            "$type": "DataStoreS3",
            "base_directory_path": "/storage",
            "bucket_path": "dedwards-demo",
            "hive_external_table": false
          },
          "data_store_type": "S3",
          "use_buckets": false,
          "number_of_buckets": 0,
          "format": "PARQUET",
          "authentication_type": "USERNAME",
          "ssl_configuration": {
            "use_ssl": false,
            "allow_self_signed_certs": false
          },
          "is_glue_metadata": false
        },
        "multibyte_character_multiplier": 1,
        "apply_ddl_changes": false,
        "max_table_cols_single_read": 100,
        "uuid": "fd5e7216-12ac-403e-bde4-9e47f4379035",
        "use_long_object_names": false,
        "use_zoo_keeper": false,
        "zoo_keeper_namespace": "hiveserver2",
        "cache_only_the_discovered_tables": true,
        "id": 4,
        "name": "AWS Data Lake",
        "version": 636990596114080000,
        "metadata": {
          "creation_time": 636904505910250000,
          "modification_time": 636990596114080000,
          "tags": [],
          "caller_role": "NONE"
        }
      },
      "tags": [],
      "software_version": 5
    },
    {
      "id": 5,
      "path": "/",
      "name": "Sales OLTP",
      "type": "Database",
      "creation_time": 0,
      "modification_time": 0,
      "inner_item": {
        "$type": "DatabaseDto",
        "usage": "SOURCE",
        "server_name": "",
        "database_name": "",
        "included_schemas": "*",
        "templateDatabaseType": "HADOOPSPARK",
        "dma_schema": "*",
        "original_sourcedb_id": 0,
        "has_source_definition": false,
        "landing_zone": {
          "landing_type": "DATABASE",
          "schema_name": "dke_landing",
          "replicate_task_type": "FULL_LOAD_AND_CDC",
          "replicate_task_name": "Regular_MysqL_EMR_Sparkdemo",
          "associate_with_replicate_task": true,
          "replicate_server_name": "Replicate Server 1",
          "archive_settings": {
            "$type": "SparkArchiveSettings",
            "archive_format": "ORC",
            "ct_post_processing": "DO_NOTHING"
          },
          "task_uuid": "364caa51-b137-084c-8e1f-49ff4354fa39"
        },
        "port": 0,
        "db_settings": {
          "$type": "SparkDbSettings",
          "data_store": {
            "hive_external_table": false
          },
          "data_store_type": "NONE",
          "use_buckets": false,
          "number_of_buckets": 0,
          "format": "ORC",
          "authentication_type": "USERNAME",
          "ssl_configuration": {
            "use_ssl": false,
            "allow_self_signed_certs": false
          },
          "is_glue_metadata": false
        },
        "multibyte_character_multiplier": 1,
        "apply_ddl_changes": true,
        "max_table_cols_single_read": 100,
        "uuid": "b6b3147d-6b0e-40c0-9836-b6e18a057a2a",
        "use_long_object_names": false,
        "use_zoo_keeper": false,
        "zoo_keeper_namespace": "hiveserver2",
        "cache_only_the_discovered_tables": true,
        "full_connection_string": {
          "enabled": false
        },
        "id": 5,
        "name": "Sales OLTP",
        "version": 637239457697890000,
        "metadata": {
          "creation_time": 636905049031830000,
          "modification_time": 637239457697890000,
          "tags": [],
          "caller_role": "NONE"
        }
      },
      "tags": [],
      "software_version": 5
    },
    {
      "id": 6,
      "path": "/",
      "name": "Sales OLTP_Landing",
      "type": "Database",
      "creation_time": 0,
      "modification_time": 0,
      "inner_item": {
        "$type": "DatabaseDto",
        "usage": "SOURCE",
        "dbms": "Apache Spark",
        "server_name": "localhost",
        "user_name": "hive",
        "included_schemas": "dke_landing",
        "templateDatabaseType": "HADOOPSPARK",
        "dma_schema": "landing",
        "original_sourcedb_id": 5,
        "has_source_definition": true,
        "display_name": "Apache Spark",
        "port": 10000,
        "db_settings": {
          "$type": "SparkDbSettings",
          "data_store": {
            "$type": "DataStoreS3",
            "base_directory_path": "/storage",
            "bucket_path": "dedwards-demo",
            "hive_external_table": false
          },
          "data_store_type": "S3",
          "use_buckets": false,
          "number_of_buckets": 0,
          "format": "PARQUET",
          "authentication_type": "USERNAME",
          "ssl_configuration": {
            "use_ssl": false,
            "allow_self_signed_certs": false
          },
          "is_glue_metadata": false
        },
        "multibyte_character_multiplier": 1,
        "apply_ddl_changes": true,
        "max_table_cols_single_read": 100,
        "original_sourcedb_name": "Sales OLTP",
        "uuid": "b6b3147d-6b0e-40c0-9836-b6e18a057a2a",
        "use_long_object_names": false,
        "use_zoo_keeper": false,
        "zoo_keeper_namespace": "hiveserver2",
        "cache_only_the_discovered_tables": true,
        "id": 6,
        "name": "Sales OLTP_Landing",
        "version": 637239457697950000,
        "metadata": {
          "creation_time": 636905049031980000,
          "modification_time": 637239457697950000,
          "tags": [],
          "caller_role": "NONE"
        }
      },
      "tags": [],
      "software_version": 5
    },
    {
      "id": 186,
      "path": "/",
      "name": "ProductMaster",
      "type": "Database",
      "creation_time": 0,
      "modification_time": 0,
      "inner_item": {
        "$type": "DatabaseDto",
        "usage": "SOURCE",
        "server_name": "",
        "database_name": "",
        "included_schemas": "*",
        "templateDatabaseType": "HADOOPSPARK",
        "original_sourcedb_id": 0,
        "has_source_definition": false,
        "landing_zone": {
          "landing_type": "DATABASE",
          "db_name": "",
          "schema_name": "product_landing",
          "replicate_task_type": "FULL_LOAD_AND_CDC",
          "replicate_task_name": "DataLake Product To Landing",
          "associate_with_replicate_task": true,
          "replicate_server_name": "Replicate Server 1",
          "archive_settings": {
            "$type": "SparkArchiveSettings",
            "archive_format": "ORC",
            "ct_post_processing": "DO_NOTHING"
          },
          "task_uuid": "e9eaa20c-1661-5440-8dde-cabc5af4f05d"
        },
        "port": 0,
        "db_settings": {
          "$type": "SparkDbSettings",
          "data_store_type": "NONE",
          "use_buckets": false,
          "number_of_buckets": 0,
          "format": "ORC",
          "authentication_type": "USERNAME",
          "is_glue_metadata": false
        },
        "multibyte_character_multiplier": 1,
        "apply_ddl_changes": false,
        "max_table_cols_single_read": 100,
        "uuid": "2ad0c08a-50e4-4e1a-a56d-15b67002453e",
        "use_long_object_names": false,
        "use_zoo_keeper": false,
        "zoo_keeper_namespace": "hiveserver2",
        "cache_only_the_discovered_tables": true,
        "id": 186,
        "name": "ProductMaster",
        "version": 636924185658790000,
        "metadata": {
          "creation_time": 636924185658790000,
          "modification_time": 636924185658790000,
          "tags": [],
          "caller_role": "NONE"
        }
      },
      "tags": [],
      "software_version": 5
    },
    {
      "id": 187,
      "path": "/",
      "name": "ProductMaster_Landing",
      "type": "Database",
      "creation_time": 0,
      "modification_time": 0,
      "inner_item": {
        "$type": "DatabaseDto",
        "usage": "SOURCE",
        "dbms": "Apache Spark",
        "server_name": "localhost",
        "database_name": "",
        "user_name": "hive",
        "included_schemas": "product_landing",
        "templateDatabaseType": "HADOOPSPARK",
        "dma_schema": "product_landing",
        "original_sourcedb_id": 186,
        "has_source_definition": true,
        "display_name": "Apache Spark",
        "port": 10000,
        "db_settings": {
          "$type": "SparkDbSettings",
          "data_store": {
            "$type": "DataStoreS3",
            "base_directory_path": "/storage",
            "bucket_path": "dedwards-demo",
            "hive_external_table": false
          },
          "data_store_type": "S3",
          "use_buckets": false,
          "number_of_buckets": 0,
          "format": "PARQUET",
          "authentication_type": "USERNAME",
          "ssl_configuration": {
            "use_ssl": false,
            "allow_self_signed_certs": false
          },
          "is_glue_metadata": false
        },
        "multibyte_character_multiplier": 1,
        "apply_ddl_changes": false,
        "max_table_cols_single_read": 100,
        "original_sourcedb_name": "ProductMaster",
        "uuid": "2ad0c08a-50e4-4e1a-a56d-15b67002453e",
        "use_long_object_names": false,
        "use_zoo_keeper": false,
        "zoo_keeper_namespace": "hiveserver2",
        "cache_only_the_discovered_tables": true,
        "id": 187,
        "name": "ProductMaster_Landing",
        "version": 636990596184640000,
        "metadata": {
          "creation_time": 636924185658910000,
          "modification_time": 636990596184640000,
          "tags": [],
          "caller_role": "NONE"
        }
      },
      "tags": [],
      "software_version": 5
    },
    {
      "id": 254,
      "path": "/",
      "name": "DemoLanding",
      "type": "Database",
      "creation_time": 0,
      "modification_time": 0,
      "inner_item": {
        "$type": "DatabaseDto",
        "usage": "SOURCE",
        "server_name": "",
        "database_name": "",
        "included_schemas": "*",
        "templateDatabaseType": "HADOOPSPARK",
        "original_sourcedb_id": 0,
        "has_source_definition": false,
        "landing_zone": {
          "landing_type": "DATABASE",
          "db_name": "",
          "schema_name": "product_landing",
          "replicate_task_type": "FULL_LOAD_AND_CDC",
          "replicate_task_name": "DemoEMR",
          "associate_with_replicate_task": true,
          "replicate_server_name": "Replicate Server 1",
          "archive_settings": {
            "$type": "SparkArchiveSettings",
            "archive_format": "ORC",
            "ct_post_processing": "DO_NOTHING"
          },
          "task_uuid": "527ec17a-3bba-f143-99b4-3a009ae2cafb"
        },
        "port": 0,
        "db_settings": {
          "$type": "SparkDbSettings",
          "data_store_type": "NONE",
          "use_buckets": false,
          "number_of_buckets": 0,
          "format": "ORC",
          "authentication_type": "USERNAME",
          "is_glue_metadata": false
        },
        "multibyte_character_multiplier": 1,
        "apply_ddl_changes": false,
        "max_table_cols_single_read": 100,
        "uuid": "7dfb27ac-ddd7-4cc8-9728-eb367b87d015",
        "use_long_object_names": false,
        "use_zoo_keeper": false,
        "zoo_keeper_namespace": "hiveserver2",
        "cache_only_the_discovered_tables": true,
        "id": 254,
        "name": "DemoLanding",
        "version": 636948426003580000,
        "metadata": {
          "creation_time": 636948426003580000,
          "modification_time": 636948426003580000,
          "tags": [],
          "caller_role": "NONE"
        }
      },
      "tags": [],
      "software_version": 5
    },
    {
      "id": 255,
      "path": "/",
      "name": "DemoLanding_Landing",
      "type": "Database",
      "creation_time": 0,
      "modification_time": 0,
      "inner_item": {
        "$type": "DatabaseDto",
        "usage": "SOURCE",
        "dbms": "Apache Spark",
        "server_name": "localhost",
        "database_name": "",
        "user_name": "hive",
        "included_schemas": "product_landing",
        "templateDatabaseType": "HADOOPSPARK",
        "dma_schema": "product_landing",
        "original_sourcedb_id": 254,
        "has_source_definition": true,
        "display_name": "Apache Spark",
        "port": 10000,
        "db_settings": {
          "$type": "SparkDbSettings",
          "data_store": {
            "$type": "DataStoreS3",
            "base_directory_path": "/storage",
            "bucket_path": "dedwards-demo",
            "hive_external_table": false
          },
          "data_store_type": "S3",
          "use_buckets": false,
          "number_of_buckets": 0,
          "format": "PARQUET",
          "authentication_type": "USERNAME",
          "ssl_configuration": {
            "use_ssl": false,
            "allow_self_signed_certs": false
          },
          "is_glue_metadata": false
        },
        "multibyte_character_multiplier": 1,
        "apply_ddl_changes": false,
        "max_table_cols_single_read": 100,
        "original_sourcedb_name": "DemoLanding",
        "uuid": "7dfb27ac-ddd7-4cc8-9728-eb367b87d015",
        "use_long_object_names": false,
        "use_zoo_keeper": false,
        "zoo_keeper_namespace": "hiveserver2",
        "cache_only_the_discovered_tables": true,
        "id": 255,
        "name": "DemoLanding_Landing",
        "version": 636990596184660000,
        "metadata": {
          "creation_time": 636948426003620000,
          "modification_time": 636990596184660000,
          "tags": [],
          "caller_role": "NONE"
        }
      },
      "tags": [],
      "software_version": 5
    },
    {
      "id": 304,
      "path": "/",
      "name": "snapshot",
      "type": "Database",
      "creation_time": 0,
      "modification_time": 0,
      "inner_item": {
        "$type": "DatabaseDto",
        "usage": "DELIVERY",
        "server_name": "",
        "database_name": "",
        "included_schemas": "snapshot_prov",
        "templateDatabaseType": "SQLSERVER",
        "original_sourcedb_id": 0,
        "has_source_definition": false,
        "landing_zone": {
          "landing_type": "DATABASE",
          "replicate_task_type": "FULL_LOAD_AND_CDC",
          "associate_with_replicate_task": false,
          "archive_settings": {
            "ct_post_processing": "DO_NOTHING"
          }
        },
        "port": 0,
        "db_settings": {
          "$type": "SparkDbSettings",
          "data_store": {
            "$type": "DataStoreS3",
            "base_directory_path": "/prov-snapshot",
            "bucket_path": "dedwards-demo",
            "hive_external_table": true
          },
          "data_store_type": "S3",
          "use_buckets": false,
          "number_of_buckets": 10,
          "format": "PARQUET",
          "authentication_type": "USERNAME",
          "ssl_configuration": {
            "use_ssl": false,
            "allow_self_signed_certs": false
          },
          "is_glue_metadata": false
        },
        "multibyte_character_multiplier": 1,
        "apply_ddl_changes": false,
        "max_table_cols_single_read": 100,
        "uuid": "c49dbddb-f4e5-4172-b41d-01267c1e013f",
        "use_long_object_names": false,
        "use_zoo_keeper": false,
        "zoo_keeper_namespace": "hiveserver2",
        "cache_only_the_discovered_tables": true,
        "full_connection_string": {
          "enabled": false
        },
        "id": 304,
        "name": "snapshot",
        "version": 637328541818100000,
        "metadata": {
          "creation_time": 637328541818100000,
          "modification_time": 637328541818100000,
          "tags": [],
          "caller_role": "NONE"
        }
      },
      "tags": [],
      "software_version": 5
    },
    {
      "id": 257,
      "path": "/",
      "name": "VersionControl",
      "type": "VersionControl",
      "creation_time": 0,
      "modification_time": 0,
      "inner_item": {
        "$type": "VersionControlDto",
        "type": "Git",
        "use_remote_server": true,
        "remote_url": "https://github.com/dedwardsqlik/ComposeDL.git",
        "user_name": "dedwardsqlik",
        "password": "",
        "name": "VersionControl",
        "version": 637328533203730000,
        "metadata": {
          "creation_time": 637328531663770000,
          "modification_time": 637328533203730000,
          "tags": [],
          "caller_role": "NONE"
        }
      },
      "tags": [],
      "software_version": 1
    },
    {
      "id": 259,
      "path": "/",
      "name": "categoryid",
      "type": "DomainAttribute",
      "creation_time": 0,
      "modification_time": 0,
      "inner_item": {
        "$type": "DomainAttributeDto",
        "type": "Integer",
        "length": 0,
        "scale": 0,
        "time_model_entity_id": 0,
        "is_reference_entity": false,
        "save_history": false,
        "id": 259,
        "name": "categoryid",
        "version": 637328534352030000,
        "metadata": {
          "creation_time": 637328534352030000,
          "modification_time": 637328534352030000,
          "tags": [],
          "caller_role": "NONE"
        }
      },
      "tags": [],
      "software_version": 2
    },
    {
      "id": 260,
      "path": "/",
      "name": "picture",
      "type": "DomainAttribute",
      "creation_time": 0,
      "modification_time": 0,
      "inner_item": {
        "$type": "DomainAttributeDto",
        "type": "Varchar",
        "length": 40,
        "scale": 0,
        "time_model_entity_id": 0,
        "is_reference_entity": false,
        "save_history": false,
        "id": 260,
        "name": "picture",
        "version": 637328534352070000,
        "metadata": {
          "creation_time": 637328534352070000,
          "modification_time": 637328534352070000,
          "tags": [],
          "caller_role": "NONE"
        }
      },
      "tags": [],
      "software_version": 2
    },
    {
      "id": 261,
      "path": "/",
      "name": "categoryname",
      "type": "DomainAttribute",
      "creation_time": 0,
      "modification_time": 0,
      "inner_item": {
        "$type": "DomainAttributeDto",
        "type": "Varchar",
        "length": 50,
        "scale": 0,
        "time_model_entity_id": 0,
        "is_reference_entity": false,
        "save_history": false,
        "id": 261,
        "name": "categoryname",
        "version": 637328534352080000,
        "metadata": {
          "creation_time": 637328534352080000,
          "modification_time": 637328534352080000,
          "tags": [],
          "caller_role": "NONE"
        }
      },
      "tags": [],
      "software_version": 2
    },
    {
      "id": 262,
      "path": "/",
      "name": "description",
      "type": "DomainAttribute",
      "creation_time": 0,
      "modification_time": 0,
      "inner_item": {
        "$type": "DomainAttributeDto",
        "type": "Varchar",
        "length": 1000,
        "scale": 0,
        "time_model_entity_id": 0,
        "is_reference_entity": false,
        "save_history": false,
        "id": 262,
        "name": "description",
        "version": 637328534352080000,
        "metadata": {
          "creation_time": 637328534352080000,
          "modification_time": 637328534352080000,
          "tags": [],
          "caller_role": "NONE"
        }
      },
      "tags": [],
      "software_version": 2
    },
    {
      "id": 263,
      "path": "/",
      "name": "description7",
      "type": "DomainAttribute",
      "creation_time": 0,
      "modification_time": 0,
      "inner_item": {
        "$type": "DomainAttributeDto",
        "type": "Varchar",
        "length": 255,
        "scale": 0,
        "time_model_entity_id": 0,
        "is_reference_entity": false,
        "save_history": false,
        "id": 263,
        "name": "description7",
        "version": 637328534352090000,
        "metadata": {
          "creation_time": 637328534352090000,
          "modification_time": 637328534352090000,
          "tags": [],
          "caller_role": "NONE"
        }
      },
      "tags": [],
      "software_version": 2
    },
    {
      "id": 264,
      "path": "/",
      "name": "demotest",
      "type": "DomainAttribute",
      "creation_time": 0,
      "modification_time": 0,
      "inner_item": {
        "$type": "DomainAttributeDto",
        "type": "Varchar",
        "length": 255,
        "scale": 0,
        "time_model_entity_id": 0,
        "is_reference_entity": false,
        "save_history": false,
        "id": 264,
        "name": "demotest",
        "version": 637328534352100000,
        "metadata": {
          "creation_time": 637328534352100000,
          "modification_time": 637328534352100000,
          "tags": [],
          "caller_role": "NONE"
        }
      },
      "tags": [],
      "software_version": 2
    },
    {
      "id": 265,
      "path": "/",
      "name": "description9",
      "type": "DomainAttribute",
      "creation_time": 0,
      "modification_time": 0,
      "inner_item": {
        "$type": "DomainAttributeDto",
        "type": "Varchar",
        "length": 255,
        "scale": 0,
        "time_model_entity_id": 0,
        "is_reference_entity": false,
        "save_history": false,
        "id": 265,
        "name": "description9",
        "version": 637328534352100000,
        "metadata": {
          "creation_time": 637328534352100000,
          "modification_time": 637328534352100000,
          "tags": [],
          "caller_role": "NONE"
        }
      },
      "tags": [],
      "software_version": 2
    },
    {
      "id": 266,
      "path": "/",
      "name": "description10",
      "type": "DomainAttribute",
      "creation_time": 0,
      "modification_time": 0,
      "inner_item": {
        "$type": "DomainAttributeDto",
        "type": "Varchar",
        "length": 255,
        "scale": 0,
        "time_model_entity_id": 0,
        "is_reference_entity": false,
        "save_history": false,
        "id": 266,
        "name": "description10",
        "version": 637328534352110000,
        "metadata": {
          "creation_time": 637328534352110000,
          "modification_time": 637328534352110000,
          "tags": [],
          "caller_role": "NONE"
        }
      },
      "tags": [],
      "software_version": 2
    },
    {
      "id": 267,
      "path": "/",
      "name": "source",
      "type": "DomainAttribute",
      "creation_time": 0,
      "modification_time": 0,
      "inner_item": {
        "$type": "DomainAttributeDto",
        "type": "Varchar",
        "length": 50,
        "scale": 0,
        "time_model_entity_id": 0,
        "is_reference_entity": false,
        "save_history": false,
        "id": 267,
        "name": "source",
        "version": 637328534352110000,
        "metadata": {
          "creation_time": 637328534352110000,
          "modification_time": 637328534352110000,
          "tags": [],
          "caller_role": "NONE"
        }
      },
      "tags": [],
      "software_version": 2
    },
    {
      "id": 269,
      "path": "/",
      "name": "customerid",
      "type": "DomainAttribute",
      "creation_time": 0,
      "modification_time": 0,
      "inner_item": {
        "$type": "DomainAttributeDto",
        "type": "Varchar",
        "length": 5,
        "scale": 0,
        "time_model_entity_id": 0,
        "is_reference_entity": false,
        "save_history": false,
        "id": 269,
        "name": "customerid",
        "version": 637328534363840000,
        "metadata": {
          "creation_time": 637328534363840000,
          "modification_time": 637328534363840000,
          "tags": [],
          "caller_role": "NONE"
        }
      },
      "tags": [],
      "software_version": 2
    },
    {
      "id": 270,
      "path": "/",
      "name": "companyname",
      "type": "DomainAttribute",
      "creation_time": 0,
      "modification_time": 0,
      "inner_item": {
        "$type": "DomainAttributeDto",
        "type": "Varchar",
        "length": 50,
        "scale": 0,
        "time_model_entity_id": 0,
        "is_reference_entity": false,
        "save_history": false,
        "id": 270,
        "name": "companyname",
        "version": 637328534363840000,
        "metadata": {
          "creation_time": 637328534363840000,
          "modification_time": 637328534363840000,
          "tags": [],
          "caller_role": "NONE"
        }
      },
      "tags": [],
      "software_version": 2
    },
    {
      "id": 271,
      "path": "/",
      "name": "contactname",
      "type": "DomainAttribute",
      "creation_time": 0,
      "modification_time": 0,
      "inner_item": {
        "$type": "DomainAttributeDto",
        "type": "Varchar",
        "length": 30,
        "scale": 0,
        "time_model_entity_id": 0,
        "is_reference_entity": false,
        "save_history": false,
        "id": 271,
        "name": "contactname",
        "version": 637328534363850000,
        "metadata": {
          "creation_time": 637328534363850000,
          "modification_time": 637328534363850000,
          "tags": [],
          "caller_role": "NONE"
        }
      },
      "tags": [],
      "software_version": 2
    },
    {
      "id": 272,
      "path": "/",
      "name": "contacttitle",
      "type": "DomainAttribute",
      "creation_time": 0,
      "modification_time": 0,
      "inner_item": {
        "$type": "DomainAttributeDto",
        "type": "Varchar",
        "length": 30,
        "scale": 0,
        "time_model_entity_id": 0,
        "is_reference_entity": false,
        "save_history": false,
        "id": 272,
        "name": "contacttitle",
        "version": 637328534363860000,
        "metadata": {
          "creation_time": 637328534363860000,
          "modification_time": 637328534363860000,
          "tags": [],
          "caller_role": "NONE"
        }
      },
      "tags": [],
      "software_version": 2
    },
    {
      "id": 273,
      "path": "/",
      "name": "address",
      "type": "DomainAttribute",
      "creation_time": 0,
      "modification_time": 0,
      "inner_item": {
        "$type": "DomainAttributeDto",
        "type": "Varchar",
        "length": 60,
        "scale": 0,
        "time_model_entity_id": 0,
        "is_reference_entity": false,
        "save_history": false,
        "id": 273,
        "name": "address",
        "version": 637328534363860000,
        "metadata": {
          "creation_time": 637328534363860000,
          "modification_time": 637328534363860000,
          "tags": [],
          "caller_role": "NONE"
        }
      },
      "tags": [],
      "software_version": 2
    },
    {
      "id": 274,
      "path": "/",
      "name": "city",
      "type": "DomainAttribute",
      "creation_time": 0,
      "modification_time": 0,
      "inner_item": {
        "$type": "DomainAttributeDto",
        "type": "Varchar",
        "length": 15,
        "scale": 0,
        "time_model_entity_id": 0,
        "is_reference_entity": false,
        "save_history": false,
        "id": 274,
        "name": "city",
        "version": 637328534363870000,
        "metadata": {
          "creation_time": 637328534363870000,
          "modification_time": 637328534363870000,
          "tags": [],
          "caller_role": "NONE"
        }
      },
      "tags": [],
      "software_version": 2
    },
    {
      "id": 275,
      "path": "/",
      "name": "region",
      "type": "DomainAttribute",
      "creation_time": 0,
      "modification_time": 0,
      "inner_item": {
        "$type": "DomainAttributeDto",
        "type": "Varchar",
        "length": 15,
        "scale": 0,
        "time_model_entity_id": 0,
        "is_reference_entity": false,
        "save_history": false,
        "id": 275,
        "name": "region",
        "version": 637328534363870000,
        "metadata": {
          "creation_time": 637328534363870000,
          "modification_time": 637328534363870000,
          "tags": [],
          "caller_role": "NONE"
        }
      },
      "tags": [],
      "software_version": 2
    },
    {
      "id": 276,
      "path": "/",
      "name": "postalcode",
      "type": "DomainAttribute",
      "creation_time": 0,
      "modification_time": 0,
      "inner_item": {
        "$type": "DomainAttributeDto",
        "type": "Varchar",
        "length": 10,
        "scale": 0,
        "time_model_entity_id": 0,
        "is_reference_entity": false,
        "save_history": false,
        "id": 276,
        "name": "postalcode",
        "version": 637328534363880000,
        "metadata": {
          "creation_time": 637328534363880000,
          "modification_time": 637328534363880000,
          "tags": [],
          "caller_role": "NONE"
        }
      },
      "tags": [],
      "software_version": 2
    },
    {
      "id": 277,
      "path": "/",
      "name": "country",
      "type": "DomainAttribute",
      "creation_time": 0,
      "modification_time": 0,
      "inner_item": {
        "$type": "DomainAttributeDto",
        "type": "Varchar",
        "length": 15,
        "scale": 0,
        "time_model_entity_id": 0,
        "is_reference_entity": false,
        "save_history": false,
        "id": 277,
        "name": "country",
        "version": 637328534363880000,
        "metadata": {
          "creation_time": 637328534363880000,
          "modification_time": 637328534363880000,
          "tags": [],
          "caller_role": "NONE"
        }
      },
      "tags": [],
      "software_version": 2
    },
    {
      "id": 278,
      "path": "/",
      "name": "phone",
      "type": "DomainAttribute",
      "creation_time": 0,
      "modification_time": 0,
      "inner_item": {
        "$type": "DomainAttributeDto",
        "type": "Varchar",
        "length": 24,
        "scale": 0,
        "time_model_entity_id": 0,
        "is_reference_entity": false,
        "save_history": false,
        "id": 278,
        "name": "phone",
        "version": 637328534363890000,
        "metadata": {
          "creation_time": 637328534363890000,
          "modification_time": 637328534363890000,
          "tags": [],
          "caller_role": "NONE"
        }
      },
      "tags": [],
      "software_version": 2
    },
    {
      "id": 279,
      "path": "/",
      "name": "fax",
      "type": "DomainAttribute",
      "creation_time": 0,
      "modification_time": 0,
      "inner_item": {
        "$type": "DomainAttributeDto",
        "type": "Varchar",
        "length": 24,
        "scale": 0,
        "time_model_entity_id": 0,
        "is_reference_entity": false,
        "save_history": false,
        "id": 279,
        "name": "fax",
        "version": 637328534363890000,
        "metadata": {
          "creation_time": 637328534363890000,
          "modification_time": 637328534363890000,
          "tags": [],
          "caller_role": "NONE"
        }
      },
      "tags": [],
      "software_version": 2
    },
    {
      "id": 258,
      "path": "/",
      "name": "categories",
      "type": "Entity",
      "creation_time": 0,
      "modification_time": 0,
      "inner_item": {
        "$type": "EntityDto",
        "time_model_entity_id": 0,
        "is_reference_entity": false,
        "save_history": true,
        "uuid": "e51ffe63-7160-4780-869d-3fe69becece3",
        "id": 258,
        "name": "categories",
        "version": 637328534351920000,
        "metadata": {
          "creation_time": 637328534351920000,
          "modification_time": 637328534351920000,
          "tags": [],
          "caller_role": "NONE"
        }
      },
      "tags": [],
      "software_version": 2
    },
    {
      "id": 268,
      "path": "/",
      "name": "customers",
      "type": "Entity",
      "creation_time": 0,
      "modification_time": 0,
      "inner_item": {
        "$type": "EntityDto",
        "time_model_entity_id": 0,
        "is_reference_entity": false,
        "save_history": true,
        "uuid": "5b425776-3cd7-4e19-bca9-5452229d5aa4",
        "id": 268,
        "name": "customers",
        "version": 637328534363830000,
        "metadata": {
          "creation_time": 637328534363830000,
          "modification_time": 637328534363830000,
          "tags": [],
          "caller_role": "NONE"
        }
      },
      "tags": [],
      "software_version": 2
    },
    {
      "id": 305,
      "path": "/",
      "name": "Default Change Processing Workflow",
      "type": "FlowDto",
      "creation_time": 0,
      "modification_time": 0,
      "inner_item": {
        "$type": "FlowDto",
        "flow_type": "SIMPLE",
        "lane_sets": [],
        "flow_nodes": {
          "start": {
            "$type": "StartNode",
            "incoming": [],
            "outgoing": [
              {
                "directive": {
                  "target_node_id": "sales_oltp",
                  "target_port_id": "inport"
                },
                "id": "outport"
              }
            ],
            "display_name": "START",
            "id": "start"
          },
          "end": {
            "$type": "EndNode",
            "error_policy": {
              "termination_mode": "STOP_AFTER_RUNNING_ACTIVITIES"
            },
            "incoming": [
              {
                "id": "inport_1"
              }
            ],
            "outgoing": [],
            "display_name": "END",
            "id": "end"
          },
          "sales_oltp": {
            "$type": "ExecutionActivity",
            "executor_input": {
              "$type": "EtlCommandExecutionData",
              "project_name": "AWS Data Lake",
              "etl_id": 300,
              "apply_schema_evolution": true,
              "id": 0,
              "name": "Sales OLTP",
              "version": 0
            },
            "timeout_sec": 300,
            "incoming": [
              {
                "id": "inport"
              }
            ],
            "outgoing": [
              {
                "directive": {
                  "target_node_id": "end",
                  "target_port_id": "inport_1"
                },
                "id": "outport"
              }
            ],
            "display_name": "Sales OLTP",
            "id": "sales_oltp"
          }
        },
        "resumable": true,
        "max_instances": 1,
        "is_template": true,
        "name": "Default Change Processing Workflow",
        "version": 637328541818660000,
        "metadata": {
          "creation_time": 637328541818410000,
          "modification_time": 637328541818660000,
          "tags": [],
          "caller_role": "NONE"
        }
      },
      "tags": [],
      "software_version": 1
    },
    {
      "id": 2,
      "path": "/",
      "name": "AWS Data Lake",
      "type": "ExecutionServiceDto",
      "creation_time": 0,
      "modification_time": 0,
      "inner_item": {
        "$type": "ExecutionServiceDto",
        "max_runtime_instances_to_keep": 1000,
        "name": "AWS Data Lake",
        "version": 637328512574120000,
        "metadata": {
          "creation_time": 636904501320220000,
          "modification_time": 637328512574120000,
          "tags": [],
          "caller_role": "NONE"
        }
      },
      "tags": [],
      "software_version": 1
    },
    {
      "id": 280,
      "path": "/",
      "name": "bfda3d94-614d-403c-8e84-d88691735673",
      "type": "TableColumn",
      "creation_time": 0,
      "modification_time": 0,
      "inner_item": {
        "$type": "TableColumnDto",
        "poe": 258,
        "pbe": 259,
        "prefix": "",
        "is_primary": true,
        "history_type": "N",
        "block": 0,
        "ordinal": 100,
        "time_model_role_id": 0,
        "id": 280,
        "name": "bfda3d94-614d-403c-8e84-d88691735673",
        "version": 637328534364020000,
        "metadata": {
          "creation_time": 637328534364020000,
          "modification_time": 637328534364020000,
          "tags": [],
          "caller_role": "NONE"
        }
      },
      "tags": [],
      "software_version": 1
    },
    {
      "id": 281,
      "path": "/",
      "name": "a000f979-fb6a-4c91-9772-2e9ff6260407",
      "type": "TableColumn",
      "creation_time": 0,
      "modification_time": 0,
      "inner_item": {
        "$type": "TableColumnDto",
        "poe": 268,
        "pbe": 269,
        "prefix": "",
        "is_primary": true,
        "history_type": "N",
        "block": 0,
        "ordinal": 100,
        "time_model_role_id": 0,
        "id": 281,
        "name": "a000f979-fb6a-4c91-9772-2e9ff6260407",
        "version": 637328534364070000,
        "metadata": {
          "creation_time": 637328534364070000,
          "modification_time": 637328534364070000,
          "tags": [],
          "caller_role": "NONE"
        }
      },
      "tags": [],
      "software_version": 1
    },
    {
      "id": 282,
      "path": "/",
      "name": "baba5e51-90a0-4f46-a76a-d29909272be7",
      "type": "TableColumn",
      "creation_time": 0,
      "modification_time": 0,
      "inner_item": {
        "$type": "TableColumnDto",
        "poe": 258,
        "pbe": 260,
        "prefix": "",
        "is_primary": false,
        "history_type": "N",
        "block": 0,
        "ordinal": 200,
        "time_model_role_id": 0,
        "id": 282,
        "name": "baba5e51-90a0-4f46-a76a-d29909272be7",
        "version": 637328534364120000,
        "metadata": {
          "creation_time": 637328534364120000,
          "modification_time": 637328534364120000,
          "tags": [],
          "caller_role": "NONE"
        }
      },
      "tags": [],
      "software_version": 1
    },
    {
      "id": 283,
      "path": "/",
      "name": "33fa21dc-4db5-47e8-8846-bcb5b47d44bc",
      "type": "TableColumn",
      "creation_time": 0,
      "modification_time": 0,
      "inner_item": {
        "$type": "TableColumnDto",
        "poe": 258,
        "pbe": 261,
        "prefix": "",
        "is_primary": false,
        "history_type": "N",
        "block": 0,
        "ordinal": 300,
        "time_model_role_id": 0,
        "id": 283,
        "name": "33fa21dc-4db5-47e8-8846-bcb5b47d44bc",
        "version": 637328534364120000,
        "metadata": {
          "creation_time": 637328534364120000,
          "modification_time": 637328534364120000,
          "tags": [],
          "caller_role": "NONE"
        }
      },
      "tags": [],
      "software_version": 1
    },
    {
      "id": 284,
      "path": "/",
      "name": "07ffa386-21a9-4c54-96bb-cb967be3a37d",
      "type": "TableColumn",
      "creation_time": 0,
      "modification_time": 0,
      "inner_item": {
        "$type": "TableColumnDto",
        "poe": 258,
        "pbe": 262,
        "prefix": "",
        "is_primary": false,
        "history_type": "N",
        "block": 0,
        "ordinal": 400,
        "time_model_role_id": 0,
        "id": 284,
        "name": "07ffa386-21a9-4c54-96bb-cb967be3a37d",
        "version": 637328534364120000,
        "metadata": {
          "creation_time": 637328534364120000,
          "modification_time": 637328534364120000,
          "tags": [],
          "caller_role": "NONE"
        }
      },
      "tags": [],
      "software_version": 1
    },
    {
      "id": 285,
      "path": "/",
      "name": "c766bb63-d430-40fe-a185-d49b933fa000",
      "type": "TableColumn",
      "creation_time": 0,
      "modification_time": 0,
      "inner_item": {
        "$type": "TableColumnDto",
        "poe": 258,
        "pbe": 263,
        "prefix": "",
        "is_primary": false,
        "history_type": "N",
        "block": 0,
        "ordinal": 500,
        "time_model_role_id": 0,
        "id": 285,
        "name": "c766bb63-d430-40fe-a185-d49b933fa000",
        "version": 637328534364120000,
        "metadata": {
          "creation_time": 637328534364120000,
          "modification_time": 637328534364120000,
          "tags": [],
          "caller_role": "NONE"
        }
      },
      "tags": [],
      "software_version": 1
    },
    {
      "id": 286,
      "path": "/",
      "name": "d0dc4a59-34ea-401c-8e6a-8ba76b8866ee",
      "type": "TableColumn",
      "creation_time": 0,
      "modification_time": 0,
      "inner_item": {
        "$type": "TableColumnDto",
        "poe": 258,
        "pbe": 264,
        "prefix": "",
        "is_primary": false,
        "history_type": "N",
        "block": 0,
        "ordinal": 600,
        "time_model_role_id": 0,
        "id": 286,
        "name": "d0dc4a59-34ea-401c-8e6a-8ba76b8866ee",
        "version": 637328534364120000,
        "metadata": {
          "creation_time": 637328534364120000,
          "modification_time": 637328534364120000,
          "tags": [],
          "caller_role": "NONE"
        }
      },
      "tags": [],
      "software_version": 1
    },
    {
      "id": 287,
      "path": "/",
      "name": "a067393f-e248-4e70-b19f-ad1f2f71f381",
      "type": "TableColumn",
      "creation_time": 0,
      "modification_time": 0,
      "inner_item": {
        "$type": "TableColumnDto",
        "poe": 258,
        "pbe": 265,
        "prefix": "",
        "is_primary": false,
        "history_type": "N",
        "block": 0,
        "ordinal": 700,
        "time_model_role_id": 0,
        "id": 287,
        "name": "a067393f-e248-4e70-b19f-ad1f2f71f381",
        "version": 637328534364120000,
        "metadata": {
          "creation_time": 637328534364120000,
          "modification_time": 637328534364120000,
          "tags": [],
          "caller_role": "NONE"
        }
      },
      "tags": [],
      "software_version": 1
    },
    {
      "id": 288,
      "path": "/",
      "name": "f69826e8-eab6-46e9-a778-a52e8a4975c2",
      "type": "TableColumn",
      "creation_time": 0,
      "modification_time": 0,
      "inner_item": {
        "$type": "TableColumnDto",
        "poe": 258,
        "pbe": 266,
        "prefix": "",
        "is_primary": false,
        "history_type": "N",
        "block": 0,
        "ordinal": 800,
        "time_model_role_id": 0,
        "id": 288,
        "name": "f69826e8-eab6-46e9-a778-a52e8a4975c2",
        "version": 637328534364120000,
        "metadata": {
          "creation_time": 637328534364120000,
          "modification_time": 637328534364120000,
          "tags": [],
          "caller_role": "NONE"
        }
      },
      "tags": [],
      "software_version": 1
    },
    {
      "id": 289,
      "path": "/",
      "name": "6bd1b5d6-0492-451f-ada7-8389195bfb74",
      "type": "TableColumn",
      "creation_time": 0,
      "modification_time": 0,
      "inner_item": {
        "$type": "TableColumnDto",
        "poe": 258,
        "pbe": 267,
        "prefix": "",
        "is_primary": false,
        "history_type": "N",
        "block": 0,
        "ordinal": 900,
        "time_model_role_id": 0,
        "id": 289,
        "name": "6bd1b5d6-0492-451f-ada7-8389195bfb74",
        "version": 637328534364120000,
        "metadata": {
          "creation_time": 637328534364120000,
          "modification_time": 637328534364120000,
          "tags": [],
          "caller_role": "NONE"
        }
      },
      "tags": [],
      "software_version": 1
    },
    {
      "id": 290,
      "path": "/",
      "name": "b7cc82f8-f45d-42ae-808b-77505f6bc3dc",
      "type": "TableColumn",
      "creation_time": 0,
      "modification_time": 0,
      "inner_item": {
        "$type": "TableColumnDto",
        "poe": 268,
        "pbe": 270,
        "prefix": "",
        "is_primary": false,
        "history_type": "N",
        "block": 0,
        "ordinal": 200,
        "time_model_role_id": 0,
        "id": 290,
        "name": "b7cc82f8-f45d-42ae-808b-77505f6bc3dc",
        "version": 637328534364120000,
        "metadata": {
          "creation_time": 637328534364120000,
          "modification_time": 637328534364120000,
          "tags": [],
          "caller_role": "NONE"
        }
      },
      "tags": [],
      "software_version": 1
    },
    {
      "id": 291,
      "path": "/",
      "name": "19ba1818-d482-4c9e-871c-1368c9c2ae10",
      "type": "TableColumn",
      "creation_time": 0,
      "modification_time": 0,
      "inner_item": {
        "$type": "TableColumnDto",
        "poe": 268,
        "pbe": 271,
        "prefix": "",
        "is_primary": false,
        "history_type": "N",
        "block": 0,
        "ordinal": 300,
        "time_model_role_id": 0,
        "id": 291,
        "name": "19ba1818-d482-4c9e-871c-1368c9c2ae10",
        "version": 637328534364120000,
        "metadata": {
          "creation_time": 637328534364120000,
          "modification_time": 637328534364120000,
          "tags": [],
          "caller_role": "NONE"
        }
      },
      "tags": [],
      "software_version": 1
    },
    {
      "id": 292,
      "path": "/",
      "name": "97df0a65-59e8-43d7-be24-54bdcb11f480",
      "type": "TableColumn",
      "creation_time": 0,
      "modification_time": 0,
      "inner_item": {
        "$type": "TableColumnDto",
        "poe": 268,
        "pbe": 272,
        "prefix": "",
        "is_primary": false,
        "history_type": "N",
        "block": 0,
        "ordinal": 400,
        "time_model_role_id": 0,
        "id": 292,
        "name": "97df0a65-59e8-43d7-be24-54bdcb11f480",
        "version": 637328534364120000,
        "metadata": {
          "creation_time": 637328534364120000,
          "modification_time": 637328534364120000,
          "tags": [],
          "caller_role": "NONE"
        }
      },
      "tags": [],
      "software_version": 1
    },
    {
      "id": 293,
      "path": "/",
      "name": "9b57a8a1-74c5-435e-8985-f35b146a9080",
      "type": "TableColumn",
      "creation_time": 0,
      "modification_time": 0,
      "inner_item": {
        "$type": "TableColumnDto",
        "poe": 268,
        "pbe": 273,
        "prefix": "",
        "is_primary": false,
        "history_type": "N",
        "block": 0,
        "ordinal": 500,
        "time_model_role_id": 0,
        "id": 293,
        "name": "9b57a8a1-74c5-435e-8985-f35b146a9080",
        "version": 637328534364120000,
        "metadata": {
          "creation_time": 637328534364120000,
          "modification_time": 637328534364120000,
          "tags": [],
          "caller_role": "NONE"
        }
      },
      "tags": [],
      "software_version": 1
    },
    {
      "id": 294,
      "path": "/",
      "name": "daddd1bf-2a2e-4234-a31f-2fbbfaa0d53e",
      "type": "TableColumn",
      "creation_time": 0,
      "modification_time": 0,
      "inner_item": {
        "$type": "TableColumnDto",
        "poe": 268,
        "pbe": 274,
        "prefix": "",
        "is_primary": false,
        "history_type": "N",
        "block": 0,
        "ordinal": 600,
        "time_model_role_id": 0,
        "id": 294,
        "name": "daddd1bf-2a2e-4234-a31f-2fbbfaa0d53e",
        "version": 637328534364120000,
        "metadata": {
          "creation_time": 637328534364120000,
          "modification_time": 637328534364120000,
          "tags": [],
          "caller_role": "NONE"
        }
      },
      "tags": [],
      "software_version": 1
    },
    {
      "id": 295,
      "path": "/",
      "name": "5610d960-45e5-4558-a075-0576acde0319",
      "type": "TableColumn",
      "creation_time": 0,
      "modification_time": 0,
      "inner_item": {
        "$type": "TableColumnDto",
        "poe": 268,
        "pbe": 275,
        "prefix": "",
        "is_primary": false,
        "history_type": "N",
        "block": 0,
        "ordinal": 700,
        "time_model_role_id": 0,
        "id": 295,
        "name": "5610d960-45e5-4558-a075-0576acde0319",
        "version": 637328534364120000,
        "metadata": {
          "creation_time": 637328534364120000,
          "modification_time": 637328534364120000,
          "tags": [],
          "caller_role": "NONE"
        }
      },
      "tags": [],
      "software_version": 1
    },
    {
      "id": 296,
      "path": "/",
      "name": "eb5e2abb-6c33-44a0-9faf-dc082b00acc6",
      "type": "TableColumn",
      "creation_time": 0,
      "modification_time": 0,
      "inner_item": {
        "$type": "TableColumnDto",
        "poe": 268,
        "pbe": 276,
        "prefix": "",
        "is_primary": false,
        "history_type": "N",
        "block": 0,
        "ordinal": 800,
        "time_model_role_id": 0,
        "id": 296,
        "name": "eb5e2abb-6c33-44a0-9faf-dc082b00acc6",
        "version": 637328534364120000,
        "metadata": {
          "creation_time": 637328534364120000,
          "modification_time": 637328534364120000,
          "tags": [],
          "caller_role": "NONE"
        }
      },
      "tags": [],
      "software_version": 1
    },
    {
      "id": 297,
      "path": "/",
      "name": "a0945632-e09f-4283-ba44-dbfcd9847a6b",
      "type": "TableColumn",
      "creation_time": 0,
      "modification_time": 0,
      "inner_item": {
        "$type": "TableColumnDto",
        "poe": 268,
        "pbe": 277,
        "prefix": "",
        "is_primary": false,
        "history_type": "N",
        "block": 0,
        "ordinal": 900,
        "time_model_role_id": 0,
        "id": 297,
        "name": "a0945632-e09f-4283-ba44-dbfcd9847a6b",
        "version": 637328534364120000,
        "metadata": {
          "creation_time": 637328534364120000,
          "modification_time": 637328534364120000,
          "tags": [],
          "caller_role": "NONE"
        }
      },
      "tags": [],
      "software_version": 1
    },
    {
      "id": 298,
      "path": "/",
      "name": "77b477f1-208d-4df3-bb67-864d067deda5",
      "type": "TableColumn",
      "creation_time": 0,
      "modification_time": 0,
      "inner_item": {
        "$type": "TableColumnDto",
        "poe": 268,
        "pbe": 278,
        "prefix": "",
        "is_primary": false,
        "history_type": "N",
        "block": 0,
        "ordinal": 1000,
        "time_model_role_id": 0,
        "id": 298,
        "name": "77b477f1-208d-4df3-bb67-864d067deda5",
        "version": 637328534364120000,
        "metadata": {
          "creation_time": 637328534364120000,
          "modification_time": 637328534364120000,
          "tags": [],
          "caller_role": "NONE"
        }
      },
      "tags": [],
      "software_version": 1
    },
    {
      "id": 299,
      "path": "/",
      "name": "f15e8034-5150-4cb5-b42b-ab1da415bbb4",
      "type": "TableColumn",
      "creation_time": 0,
      "modification_time": 0,
      "inner_item": {
        "$type": "TableColumnDto",
        "poe": 268,
        "pbe": 279,
        "prefix": "",
        "is_primary": false,
        "history_type": "N",
        "block": 0,
        "ordinal": 1100,
        "time_model_role_id": 0,
        "id": 299,
        "name": "f15e8034-5150-4cb5-b42b-ab1da415bbb4",
        "version": 637328534364120000,
        "metadata": {
          "creation_time": 637328534364120000,
          "modification_time": 637328534364120000,
          "tags": [],
          "caller_role": "NONE"
        }
      },
      "tags": [],
      "software_version": 1
    },
    {
      "id": 301,
      "path": "/",
      "name": "Map_categories_Sales OLTP",
      "type": "Mapping",
      "creation_time": 0,
      "modification_time": 0,
      "inner_item": {
        "$type": "MappingDto",
        "entity_id": 258,
        "is_active_mapping_pi": false,
        "schema": "dke_landing",
        "database_id": 6,
        "table_name": "categories",
        "mapping_type": "TABLE",
        "is_aggregated": false,
        "mapping_fields": [
          {
            "mapping_type": "DIRECT",
            "source_col_name": "header__deleted",
            "staging_col_name_int": "header__deleted"
          },
          {
            "mapping_type": "DIRECT",
            "source_col_name": "categoryid",
            "staging_col_name_int": "COLID_280_259"
          },
          {
            "mapping_type": "DIRECT",
            "source_col_name": "picture",
            "staging_col_name_int": "COLID_282_260"
          },
          {
            "mapping_type": "DIRECT",
            "source_col_name": "categoryname",
            "staging_col_name_int": "COLID_283_261"
          },
          {
            "mapping_type": "DIRECT",
            "source_col_name": "description",
            "staging_col_name_int": "COLID_284_262"
          },
          {
            "mapping_type": "DIRECT",
            "source_col_name": "description7",
            "staging_col_name_int": "COLID_285_263"
          },
          {
            "mapping_type": "DIRECT",
            "source_col_name": "demotest",
            "staging_col_name_int": "COLID_286_264"
          },
          {
            "mapping_type": "DIRECT",
            "source_col_name": "description9",
            "staging_col_name_int": "COLID_287_265"
          },
          {
            "mapping_type": "DIRECT",
            "source_col_name": "description10",
            "staging_col_name_int": "COLID_288_266"
          },
          {
            "mapping_type": "DIRECT",
            "source_col_name": "source",
            "staging_col_name_int": "COLID_289_267"
          }
        ],
        "mapping_query": "",
        "data_quality_rules": [
          {
            "action": "REJECT_AND_REPORT",
            "type": "EXPRESSION",
            "name": "Business Keys cannot be NULL",
            "enabled": false,
            "order": 0,
            "is_internal": true
          }
        ],
        "cleansing_rules": [],
        "null_behaviour": "USE_ETL_SETTING",
        "id": 301,
        "name": "Map_categories_Sales OLTP",
        "version": 637328534364370000,
        "metadata": {
          "creation_time": 637328534364300000,
          "modification_time": 637328534364370000,
          "tags": [],
          "caller_role": "NONE"
        }
      },
      "tags": [],
      "software_version": 2
    },
    {
      "id": 302,
      "path": "/",
      "name": "Map_customers_Sales OLTP",
      "type": "Mapping",
      "creation_time": 0,
      "modification_time": 0,
      "inner_item": {
        "$type": "MappingDto",
        "entity_id": 268,
        "is_active_mapping_pi": false,
        "schema": "dke_landing",
        "database_id": 6,
        "table_name": "customers",
        "mapping_type": "TABLE",
        "is_aggregated": false,
        "mapping_fields": [
          {
            "mapping_type": "DIRECT",
            "source_col_name": "header__deleted",
            "staging_col_name_int": "header__deleted"
          },
          {
            "mapping_type": "DIRECT",
            "source_col_name": "customerid",
            "staging_col_name_int": "COLID_281_269"
          },
          {
            "mapping_type": "DIRECT",
            "source_col_name": "companyname",
            "staging_col_name_int": "COLID_290_270"
          },
          {
            "mapping_type": "DIRECT",
            "source_col_name": "contactname",
            "staging_col_name_int": "COLID_291_271"
          },
          {
            "mapping_type": "DIRECT",
            "source_col_name": "contacttitle",
            "staging_col_name_int": "COLID_292_272"
          },
          {
            "mapping_type": "DIRECT",
            "source_col_name": "address",
            "staging_col_name_int": "COLID_293_273"
          },
          {
            "mapping_type": "DIRECT",
            "source_col_name": "city",
            "staging_col_name_int": "COLID_294_274"
          },
          {
            "mapping_type": "DIRECT",
            "source_col_name": "region",
            "staging_col_name_int": "COLID_295_275"
          },
          {
            "mapping_type": "DIRECT",
            "source_col_name": "postalcode",
            "staging_col_name_int": "COLID_296_276"
          },
          {
            "mapping_type": "DIRECT",
            "source_col_name": "country",
            "staging_col_name_int": "COLID_297_277"
          },
          {
            "mapping_type": "DIRECT",
            "source_col_name": "phone",
            "staging_col_name_int": "COLID_298_278"
          },
          {
            "mapping_type": "DIRECT",
            "source_col_name": "fax",
            "staging_col_name_int": "COLID_299_279"
          }
        ],
        "mapping_query": "",
        "data_quality_rules": [
          {
            "action": "REJECT_AND_REPORT",
            "type": "EXPRESSION",
            "name": "Business Keys cannot be NULL",
            "enabled": false,
            "order": 0,
            "is_internal": true
          }
        ],
        "cleansing_rules": [],
        "null_behaviour": "USE_ETL_SETTING",
        "id": 302,
        "name": "Map_customers_Sales OLTP",
        "version": 637328534364440000,
        "metadata": {
          "creation_time": 637328534364420000,
          "modification_time": 637328534364440000,
          "tags": [],
          "caller_role": "NONE"
        }
      },
      "tags": [],
      "software_version": 2
    },
    {
      "id": 256,
      "path": "/",
      "name": "Compactor",
      "type": "ETLInfo",
      "creation_time": 0,
      "modification_time": 0,
      "inner_item": {
        "$type": "ETLInfoDto",
        "data": {
          "seqr_processing": false,
          "FULLREBUILD": false,
          "SELOFRUNS": 0,
          "EMPTYRUNNRSTABLE": true,
          "INSERTRUNNRSTABLE": true,
          "MAXCDC_COLUMNS": 10,
          "SPLITRELSANDATTS": false,
          "STOPAFTERSTAGING": false,
          "PARAM_RUNNR": "1",
          "Using_Max_partitions_for_CDC": false,
          "Max_partitions_for_CDC": 0,
          "dm_cohorts": [],
          "engine_settings": {
            "thread_connection_settings": {
              "thread_pool_size": 10,
              "thread_pool_max": 18,
              "thread_queue_max": 10000,
              "thread_timeout": 3000
            },
            "database_connection_settings": {
              "db_pool_size": 200,
              "db_reap_interval": 30000,
              "db_lease_timeout": 60000,
              "print_db_leases": false
            },
            "engine_logging_settings": {
              "log_level": "INFO",
              "log_file": "$project-path$\\$task-name$\\$task-name$_Log.log",
              "log_file_timestamp": true,
              "log_console": true,
              "log_stack_trace": false,
              "log_jdbc_driver_output": false,
              "log_mapping_fields": false,
              "log_mapping_values": false,
              "log_sync_provider_output": false,
              "log_prep_statmt_bindings": false,
              "log_dbms_leasing": false,
              "log_table_contents": false,
              "log_sql_monitor_output": false,
              "log_param_substitution": false,
              "log_mop_ids": false,
              "log_java_env": false,
              "log_mopping_state": false,
              "log_table_cache_rows": 20,
              "print_final_log": false,
              "print_dbms_info": false,
              "create_missing_tables": false
            },
            "mopping_thread_settings": {
              "mop_direct_write": false,
              "mop_thread_pool_size": 18,
              "mop_thread_pool_max": 18,
              "mop_thread_queue_max": 2500,
              "mop_thread_timeout": 3000,
              "mop_write_queue_max": 100,
              "mop_no_id_ledelins": true,
              "mop_without_write": false
            },
            "general_settings": {
              "java_mem": "-Xms1024M -Xmx4096M",
              "stt_date": "NOW",
              "up_ddate": "NOW",
              "tgt_os": "MSWL",
              "tgt_sh": "cmd",
              "validate_data_types": false,
              "validate_only": false,
              "fetch_size": 1000,
              "batch_max_rows": 20,
              "nr_of_committed_rows": 10000,
              "parameter_worm": true,
              "instruction_delay": false,
              "memory_reaper": false,
              "ORACLE_DATADIRECT": false,
              "ORACLE_TNSNAMES": "",
              "SQLSERVER_DATADIRECT": false,
              "SQLSERVER_DRIVER_1_1": true,
              "JTDS": false,
              "DB2_DATADIRECT": false,
              "encrypted_password": true,
              "change_processing_by_query": false
            },
            "advanced_settings": {
              "retain_stg_tables": false,
              "retain_imt_tables": false,
              "imt_tables_volatile": false,
              "write_etl_cmnds_to_db": false
            },
            "spark_settings": {
              "properties": {}
            }
          },
          "workflow_position": 1,
          "dwh_full_load": false,
          "dm_enable_table_logging": false,
          "allow_updating_to_null": false,
          "from_date_unmapped_value": "LOWEST",
          "CDC__delay": 0
        },
        "active_mappings": [],
        "entity_action": [],
        "etl_type": "Compactor",
        "active_custom_etls": [],
        "uuid": "d680e7f5-97c9-480e-848b-e8c2c739e264",
        "task_Stage": "DataWarehouse",
        "id": 256,
        "name": "Compactor",
        "version": 637322390253010000,
        "metadata": {
          "creation_time": 637322390253010000,
          "modification_time": 637322390253010000,
          "tags": [],
          "caller_role": "NONE"
        }
      },
      "tags": [],
      "software_version": 2
    },
    {
      "id": 300,
      "path": "/",
      "name": "Sales OLTP",
      "type": "ETLInfo",
      "creation_time": 0,
      "modification_time": 0,
      "inner_item": {
        "$type": "ETLInfoDto",
        "data": {
          "seqr_processing": false,
          "FULLREBUILD": false,
          "SELOFRUNS": 0,
          "EMPTYRUNNRSTABLE": true,
          "INSERTRUNNRSTABLE": true,
          "MAXCDC_COLUMNS": 10,
          "SPLITRELSANDATTS": false,
          "STOPAFTERSTAGING": false,
          "PARAM_RUNNR": "1",
          "Using_Max_partitions_for_CDC": false,
          "Max_partitions_for_CDC": 0,
          "dm_cohorts": [],
          "engine_settings": {
            "thread_connection_settings": {
              "thread_pool_size": 10,
              "thread_pool_max": 18,
              "thread_queue_max": 10000,
              "thread_timeout": 3000
            },
            "database_connection_settings": {
              "db_pool_size": 200,
              "db_reap_interval": 30000,
              "db_lease_timeout": 60000,
              "print_db_leases": false
            },
            "engine_logging_settings": {
              "log_level": "INFO",
              "log_file": "$project-path$\\$task-name$\\$task-name$_Log.log",
              "log_file_timestamp": true,
              "log_console": true,
              "log_stack_trace": false,
              "log_jdbc_driver_output": false,
              "log_mapping_fields": false,
              "log_mapping_values": false,
              "log_sync_provider_output": false,
              "log_prep_statmt_bindings": false,
              "log_dbms_leasing": false,
              "log_table_contents": false,
              "log_sql_monitor_output": false,
              "log_param_substitution": false,
              "log_mop_ids": false,
              "log_java_env": false,
              "log_mopping_state": false,
              "log_table_cache_rows": 20,
              "print_final_log": false,
              "print_dbms_info": false,
              "create_missing_tables": false
            },
            "mopping_thread_settings": {
              "mop_direct_write": false,
              "mop_thread_pool_size": 18,
              "mop_thread_pool_max": 18,
              "mop_thread_queue_max": 2500,
              "mop_thread_timeout": 3000,
              "mop_write_queue_max": 100,
              "mop_no_id_ledelins": true,
              "mop_without_write": false
            },
            "general_settings": {
              "java_mem": "-Xms1024M -Xmx4096M",
              "stt_date": "NOW",
              "up_ddate": "NOW",
              "tgt_os": "MSWL",
              "tgt_sh": "cmd",
              "validate_data_types": false,
              "validate_only": false,
              "fetch_size": 1000,
              "batch_max_rows": 20,
              "nr_of_committed_rows": 10000,
              "parameter_worm": true,
              "instruction_delay": false,
              "memory_reaper": false,
              "ORACLE_DATADIRECT": false,
              "ORACLE_TNSNAMES": "",
              "SQLSERVER_DATADIRECT": false,
              "SQLSERVER_DRIVER_1_1": true,
              "JTDS": false,
              "DB2_DATADIRECT": false,
              "encrypted_password": true,
              "change_processing_by_query": false
            },
            "advanced_settings": {
              "retain_stg_tables": false,
              "retain_imt_tables": false,
              "imt_tables_volatile": false,
              "write_etl_cmnds_to_db": false
            },
            "spark_settings": {
              "properties": {}
            }
          },
          "workflow_position": 1,
          "dwh_full_load": false,
          "dm_enable_table_logging": false,
          "allow_updating_to_null": false,
          "from_date_unmapped_value": "LOWEST",
          "CDC__delay": 0
        },
        "active_mappings": [
          301,
          302
        ],
        "entity_action": [
          {
            "handle_duplicates": true,
            "ext_load": false,
            "entity_id": 258
          },
          {
            "handle_duplicates": true,
            "ext_load": false,
            "entity_id": 268
          }
        ],
        "etl_type": "Storage_FL_CDC",
        "active_custom_etls": [],
        "uuid": "74aadf60-f448-4e6a-a74b-b486f0649512",
        "task_Stage": "DataWarehouse",
        "id": 300,
        "name": "Sales OLTP",
        "version": 637328535067200000,
        "metadata": {
          "creation_time": 637328534364270000,
          "modification_time": 637328535067200000,
          "tags": [],
          "caller_role": "NONE"
        }
      },
      "tags": [],
      "software_version": 2
    },
    {
      "id": 306,
      "path": "/",
      "name": "snapshot",
      "type": "ETLInfo",
      "creation_time": 0,
      "modification_time": 0,
      "inner_item": {
        "$type": "DeliveryInfoDto",
        "delivery_type": "ONE_TIME_SNAPSHOT",
        "time": "637328536200000000",
        "db_id": 304,
        "entities_ids": [
          258,
          268
        ],
        "snapshot_for_now": true,
        "settings": {
          "include_from_date": false,
          "include_modified_batch": true
        },
        "add_prefix_suffix_name": {
          "prefix": false,
          "suffix": false,
          "prefix_value": "",
          "suffix_value": ""
        },
        "data": {
          "seqr_processing": false,
          "FULLREBUILD": false,
          "SELOFRUNS": 0,
          "EMPTYRUNNRSTABLE": true,
          "INSERTRUNNRSTABLE": true,
          "MAXCDC_COLUMNS": 10,
          "SPLITRELSANDATTS": false,
          "STOPAFTERSTAGING": false,
          "PARAM_RUNNR": "1",
          "Using_Max_partitions_for_CDC": false,
          "Max_partitions_for_CDC": 0,
          "dm_cohorts": [],
          "engine_settings": {
            "thread_connection_settings": {
              "thread_pool_size": 10,
              "thread_pool_max": 18,
              "thread_queue_max": 10000,
              "thread_timeout": 3000
            },
            "database_connection_settings": {
              "db_pool_size": 200,
              "db_reap_interval": 30000,
              "db_lease_timeout": 60000,
              "print_db_leases": false
            },
            "engine_logging_settings": {
              "log_level": "INFO",
              "log_file": "$project-path$\\$task-name$\\$task-name$_Log.log",
              "log_file_timestamp": true,
              "log_console": true,
              "log_stack_trace": false,
              "log_jdbc_driver_output": false,
              "log_mapping_fields": false,
              "log_mapping_values": false,
              "log_sync_provider_output": false,
              "log_prep_statmt_bindings": false,
              "log_dbms_leasing": false,
              "log_table_contents": false,
              "log_sql_monitor_output": false,
              "log_param_substitution": false,
              "log_mop_ids": false,
              "log_java_env": false,
              "log_mopping_state": false,
              "log_table_cache_rows": 20,
              "print_final_log": false,
              "print_dbms_info": false,
              "create_missing_tables": false
            },
            "mopping_thread_settings": {
              "mop_direct_write": false,
              "mop_thread_pool_size": 18,
              "mop_thread_pool_max": 18,
              "mop_thread_queue_max": 2500,
              "mop_thread_timeout": 3000,
              "mop_write_queue_max": 100,
              "mop_no_id_ledelins": true,
              "mop_without_write": false
            },
            "general_settings": {
              "java_mem": "-Xms1024M -Xmx4096M",
              "stt_date": "NOW",
              "up_ddate": "NOW",
              "tgt_os": "MSWL",
              "tgt_sh": "cmd",
              "validate_data_types": false,
              "validate_only": false,
              "fetch_size": 1000,
              "batch_max_rows": 20,
              "nr_of_committed_rows": 10000,
              "parameter_worm": true,
              "instruction_delay": false,
              "memory_reaper": false,
              "ORACLE_DATADIRECT": false,
              "ORACLE_TNSNAMES": "",
              "SQLSERVER_DATADIRECT": false,
              "SQLSERVER_DRIVER_1_1": true,
              "JTDS": false,
              "DB2_DATADIRECT": false,
              "encrypted_password": true,
              "change_processing_by_query": false
            },
            "advanced_settings": {
              "retain_stg_tables": false,
              "retain_imt_tables": false,
              "imt_tables_volatile": false,
              "write_etl_cmnds_to_db": false
            },
            "spark_settings": {
              "properties": {}
            }
          },
          "workflow_position": 1,
          "dwh_full_load": true,
          "dm_enable_table_logging": false,
          "allow_updating_to_null": false,
          "from_date_unmapped_value": "LOWEST",
          "CDC__delay": 0
        },
        "active_mappings": [],
        "entity_action": [],
        "etl_type": "Delivery",
        "active_custom_etls": [],
        "uuid": "d089b940-a29e-4985-8738-cf3dfef8a71b",
        "task_Stage": "DataWarehouse",
        "id": 306,
        "name": "snapshot",
        "version": 637328541818540000,
        "metadata": {
          "creation_time": 637328541818540000,
          "modification_time": 637328541818540000,
          "tags": [],
          "caller_role": "NONE"
        }
      },
      "tags": [],
      "software_version": 2
    }
  ]
}