{
  "product_name": "ComposeForDataLakes",
  "product_version": "6.6.0.234",
  "created_on": "08/12/2020 18:20:14",
  "objects": [
    {
      "id": 1,
      "path": "/",
      "name": "settings",
      "type": "ACProjectSettings",
      "creation_time": 0,
      "modification_time": 0,
      "inner_item": {
        "$type": "ACProjectSettings",
        "lowest_date": "1780-01-01",
        "highest_date": "9999-12-31",
        "unknown_date": "7777-07-07",
        "unknown_string": "Unknown",
        "map_name_prefix": "Map",
        "stop_after_staging": false,
        "use_datetime2": false,
        "unknown_guid": "00000000-0000-0000-0000-000000000000",
        "unknown_number": "0",
        "unknown_byte": "0",
        "dwh_key_name": "ID",
        "naming_conv": {
          "dwh_prefix": "",
          "hub_suffix": "",
          "sat_suffix": "",
          "lnk_suffix": "_L",
          "dma_prefix": "TDMA_",
          "dwh_view_prefix": "v_",
          "replicate_change_table_suffix": "__ct",
          "error_mart_suffix": "__ex",
          "dma_view_prefix": "VDMA_",
          "ct_archive_suffix": "__ar",
          "current_view_name_suffix": "_current",
          "column_prefix": "header__",
          "from_date_suffix": "from_date",
          "to_date_suffix": "to_date",
          "soft_delete_suffix": "deleted",
          "created_batch_suffix": "created_batch",
          "modified_batch_suffix": "modified_batch",
          "dropped_column_suffix": "__dropped",
          "control_table_prefix": "attcmps_",
          "provisioning_table_prefix": ""
        },
        "create_ddl_scripts_only": false,
        "ignore_data_type_check": false,
        "write_tdwm_to_db": false,
        "hide_default_workflows": false,
        "exclude_to_date": true,
        "acid_transactions": false,
        "big_data_project_type": "HISTORICAL_DATASTORE_WITHOUT_ACID",
        "dwh_type": "HADOOPSPARK",
        "rno_ins": "RUNNO_INSERT",
        "rno_upd": "RUNNO_UPDATE",
        "soft_delete": true,
        "hard_delete": false,
        "user_var_list": {
          "usrvarlst": []
        },
        "uuid": "82cb52d4-3b0b-41ce-a461-a9cbd0b471d2",
        "get_md_via_select_query": false,
        "defaults_base_location": {},
        "name": "settings",
        "version": 636988498491760000,
        "metadata": {
          "creation_time": 636904501319540000,
          "modification_time": 636988498491760000,
          "tags": [],
          "caller_role": "NONE"
        }
      },
      "tags": [],
      "software_version": 3
    },
    {
      "id": 4,
      "path": "/",
      "name": "AWS Data Lake",
      "type": "Database",
      "creation_time": 0,
      "modification_time": 0,
      "inner_item": {
        "$type": "DatabaseDto",
        "usage": "DATA_WAREHOUSE",
        "dbms": "Apache Spark",
        "server_name": "localhost",
        "database_name": "AWS Data Lake",
        "user_name": "hive",
        "included_schemas": "storage",
        "templateDatabaseType": "HADOOPSPARK",
        "dma_schema": "storage",
        "original_sourcedb_id": 0,
        "has_source_definition": false,
        "landing_zone": {
          "landing_type": "DATABASE",
          "replicate_task_type": "FULL_LOAD_AND_CDC",
          "associate_with_replicate_task": false,
          "archive_settings": {
            "ct_post_processing": "DO_NOTHING"
          }
        },
        "display_name": "Apache Spark",
        "port": 10000,
        "db_settings": {
          "$type": "SparkDbSettings",
          "data_store": {
            "$type": "DataStoreS3",
            "base_directory_path": "/storage",
            "bucket_path": "dedwards-demo",
            "hive_external_table": false
          },
          "data_store_type": "S3",
          "use_buckets": false,
          "number_of_buckets": 0,
          "format": "PARQUET",
          "authentication_type": "USERNAME",
          "ssl_configuration": {
            "use_ssl": false,
            "allow_self_signed_certs": false
          },
          "is_glue_metadata": false
        },
        "multibyte_character_multiplier": 1,
        "apply_ddl_changes": false,
        "max_table_cols_single_read": 100,
        "uuid": "fd5e7216-12ac-403e-bde4-9e47f4379035",
        "use_long_object_names": false,
        "use_zoo_keeper": false,
        "zoo_keeper_namespace": "hiveserver2",
        "cache_only_the_discovered_tables": true,
        "id": 4,
        "name": "AWS Data Lake",
        "version": 636990596114080000,
        "metadata": {
          "creation_time": 636904505910250000,
          "modification_time": 636990596114080000,
          "tags": [],
          "caller_role": "NONE"
        }
      },
      "tags": [],
      "software_version": 5
    },
    {
      "id": 5,
      "path": "/",
      "name": "Sales OLTP",
      "type": "Database",
      "creation_time": 0,
      "modification_time": 0,
      "inner_item": {
        "$type": "DatabaseDto",
        "usage": "SOURCE",
        "server_name": "",
        "database_name": "",
        "included_schemas": "*",
        "templateDatabaseType": "HADOOPSPARK",
        "dma_schema": "*",
        "original_sourcedb_id": 0,
        "has_source_definition": false,
        "landing_zone": {
          "landing_type": "DATABASE",
          "schema_name": "dke_landing",
          "replicate_task_type": "FULL_LOAD_AND_CDC",
          "replicate_task_name": "Regular_MysqL_EMR_Sparkdemo",
          "associate_with_replicate_task": true,
          "replicate_server_name": "Replicate Server 1",
          "archive_settings": {
            "$type": "SparkArchiveSettings",
            "archive_format": "ORC",
            "ct_post_processing": "DO_NOTHING"
          },
          "task_uuid": "364caa51-b137-084c-8e1f-49ff4354fa39"
        },
        "port": 0,
        "db_settings": {
          "$type": "SparkDbSettings",
          "data_store": {
            "hive_external_table": false
          },
          "data_store_type": "NONE",
          "use_buckets": false,
          "number_of_buckets": 0,
          "format": "ORC",
          "authentication_type": "USERNAME",
          "ssl_configuration": {
            "use_ssl": false,
            "allow_self_signed_certs": false
          },
          "is_glue_metadata": false
        },
        "multibyte_character_multiplier": 1,
        "apply_ddl_changes": true,
        "max_table_cols_single_read": 100,
        "uuid": "b6b3147d-6b0e-40c0-9836-b6e18a057a2a",
        "use_long_object_names": false,
        "use_zoo_keeper": false,
        "zoo_keeper_namespace": "hiveserver2",
        "cache_only_the_discovered_tables": true,
        "full_connection_string": {
          "enabled": false
        },
        "id": 5,
        "name": "Sales OLTP",
        "version": 637239457697890000,
        "metadata": {
          "creation_time": 636905049031830000,
          "modification_time": 637239457697890000,
          "tags": [],
          "caller_role": "NONE"
        }
      },
      "tags": [],
      "software_version": 5
    },
    {
      "id": 6,
      "path": "/",
      "name": "Sales OLTP_Landing",
      "type": "Database",
      "creation_time": 0,
      "modification_time": 0,
      "inner_item": {
        "$type": "DatabaseDto",
        "usage": "SOURCE",
        "dbms": "Apache Spark",
        "server_name": "localhost",
        "user_name": "hive",
        "included_schemas": "dke_landing",
        "templateDatabaseType": "HADOOPSPARK",
        "dma_schema": "landing",
        "original_sourcedb_id": 5,
        "has_source_definition": true,
        "display_name": "Apache Spark",
        "port": 10000,
        "db_settings": {
          "$type": "SparkDbSettings",
          "data_store": {
            "$type": "DataStoreS3",
            "base_directory_path": "/storage",
            "bucket_path": "dedwards-demo",
            "hive_external_table": false
          },
          "data_store_type": "S3",
          "use_buckets": false,
          "number_of_buckets": 0,
          "format": "PARQUET",
          "authentication_type": "USERNAME",
          "ssl_configuration": {
            "use_ssl": false,
            "allow_self_signed_certs": false
          },
          "is_glue_metadata": false
        },
        "multibyte_character_multiplier": 1,
        "apply_ddl_changes": true,
        "max_table_cols_single_read": 100,
        "original_sourcedb_name": "Sales OLTP",
        "uuid": "b6b3147d-6b0e-40c0-9836-b6e18a057a2a",
        "use_long_object_names": false,
        "use_zoo_keeper": false,
        "zoo_keeper_namespace": "hiveserver2",
        "cache_only_the_discovered_tables": true,
        "id": 6,
        "name": "Sales OLTP_Landing",
        "version": 637239457697950000,
        "metadata": {
          "creation_time": 636905049031980000,
          "modification_time": 637239457697950000,
          "tags": [],
          "caller_role": "NONE"
        }
      },
      "tags": [],
      "software_version": 5
    },
    {
      "id": 186,
      "path": "/",
      "name": "ProductMaster",
      "type": "Database",
      "creation_time": 0,
      "modification_time": 0,
      "inner_item": {
        "$type": "DatabaseDto",
        "usage": "SOURCE",
        "server_name": "",
        "database_name": "",
        "included_schemas": "*",
        "templateDatabaseType": "HADOOPSPARK",
        "original_sourcedb_id": 0,
        "has_source_definition": false,
        "landing_zone": {
          "landing_type": "DATABASE",
          "db_name": "",
          "schema_name": "product_landing",
          "replicate_task_type": "FULL_LOAD_AND_CDC",
          "replicate_task_name": "DataLake Product To Landing",
          "associate_with_replicate_task": true,
          "replicate_server_name": "Replicate Server 1",
          "archive_settings": {
            "$type": "SparkArchiveSettings",
            "archive_format": "ORC",
            "ct_post_processing": "DO_NOTHING"
          },
          "task_uuid": "e9eaa20c-1661-5440-8dde-cabc5af4f05d"
        },
        "port": 0,
        "db_settings": {
          "$type": "SparkDbSettings",
          "data_store_type": "NONE",
          "use_buckets": false,
          "number_of_buckets": 0,
          "format": "ORC",
          "authentication_type": "USERNAME",
          "is_glue_metadata": false
        },
        "multibyte_character_multiplier": 1,
        "apply_ddl_changes": false,
        "max_table_cols_single_read": 100,
        "uuid": "2ad0c08a-50e4-4e1a-a56d-15b67002453e",
        "use_long_object_names": false,
        "use_zoo_keeper": false,
        "zoo_keeper_namespace": "hiveserver2",
        "cache_only_the_discovered_tables": true,
        "id": 186,
        "name": "ProductMaster",
        "version": 636924185658790000,
        "metadata": {
          "creation_time": 636924185658790000,
          "modification_time": 636924185658790000,
          "tags": [],
          "caller_role": "NONE"
        }
      },
      "tags": [],
      "software_version": 5
    },
    {
      "id": 187,
      "path": "/",
      "name": "ProductMaster_Landing",
      "type": "Database",
      "creation_time": 0,
      "modification_time": 0,
      "inner_item": {
        "$type": "DatabaseDto",
        "usage": "SOURCE",
        "dbms": "Apache Spark",
        "server_name": "localhost",
        "database_name": "",
        "user_name": "hive",
        "included_schemas": "product_landing",
        "templateDatabaseType": "HADOOPSPARK",
        "dma_schema": "product_landing",
        "original_sourcedb_id": 186,
        "has_source_definition": true,
        "display_name": "Apache Spark",
        "port": 10000,
        "db_settings": {
          "$type": "SparkDbSettings",
          "data_store": {
            "$type": "DataStoreS3",
            "base_directory_path": "/storage",
            "bucket_path": "dedwards-demo",
            "hive_external_table": false
          },
          "data_store_type": "S3",
          "use_buckets": false,
          "number_of_buckets": 0,
          "format": "PARQUET",
          "authentication_type": "USERNAME",
          "ssl_configuration": {
            "use_ssl": false,
            "allow_self_signed_certs": false
          },
          "is_glue_metadata": false
        },
        "multibyte_character_multiplier": 1,
        "apply_ddl_changes": false,
        "max_table_cols_single_read": 100,
        "original_sourcedb_name": "ProductMaster",
        "uuid": "2ad0c08a-50e4-4e1a-a56d-15b67002453e",
        "use_long_object_names": false,
        "use_zoo_keeper": false,
        "zoo_keeper_namespace": "hiveserver2",
        "cache_only_the_discovered_tables": true,
        "id": 187,
        "name": "ProductMaster_Landing",
        "version": 636990596184640000,
        "metadata": {
          "creation_time": 636924185658910000,
          "modification_time": 636990596184640000,
          "tags": [],
          "caller_role": "NONE"
        }
      },
      "tags": [],
      "software_version": 5
    },
    {
      "id": 254,
      "path": "/",
      "name": "DemoLanding",
      "type": "Database",
      "creation_time": 0,
      "modification_time": 0,
      "inner_item": {
        "$type": "DatabaseDto",
        "usage": "SOURCE",
        "server_name": "",
        "database_name": "",
        "included_schemas": "*",
        "templateDatabaseType": "HADOOPSPARK",
        "original_sourcedb_id": 0,
        "has_source_definition": false,
        "landing_zone": {
          "landing_type": "DATABASE",
          "db_name": "",
          "schema_name": "product_landing",
          "replicate_task_type": "FULL_LOAD_AND_CDC",
          "replicate_task_name": "DemoEMR",
          "associate_with_replicate_task": true,
          "replicate_server_name": "Replicate Server 1",
          "archive_settings": {
            "$type": "SparkArchiveSettings",
            "archive_format": "ORC",
            "ct_post_processing": "DO_NOTHING"
          },
          "task_uuid": "527ec17a-3bba-f143-99b4-3a009ae2cafb"
        },
        "port": 0,
        "db_settings": {
          "$type": "SparkDbSettings",
          "data_store_type": "NONE",
          "use_buckets": false,
          "number_of_buckets": 0,
          "format": "ORC",
          "authentication_type": "USERNAME",
          "is_glue_metadata": false
        },
        "multibyte_character_multiplier": 1,
        "apply_ddl_changes": false,
        "max_table_cols_single_read": 100,
        "uuid": "7dfb27ac-ddd7-4cc8-9728-eb367b87d015",
        "use_long_object_names": false,
        "use_zoo_keeper": false,
        "zoo_keeper_namespace": "hiveserver2",
        "cache_only_the_discovered_tables": true,
        "id": 254,
        "name": "DemoLanding",
        "version": 636948426003580000,
        "metadata": {
          "creation_time": 636948426003580000,
          "modification_time": 636948426003580000,
          "tags": [],
          "caller_role": "NONE"
        }
      },
      "tags": [],
      "software_version": 5
    },
    {
      "id": 255,
      "path": "/",
      "name": "DemoLanding_Landing",
      "type": "Database",
      "creation_time": 0,
      "modification_time": 0,
      "inner_item": {
        "$type": "DatabaseDto",
        "usage": "SOURCE",
        "dbms": "Apache Spark",
        "server_name": "localhost",
        "database_name": "",
        "user_name": "hive",
        "included_schemas": "product_landing",
        "templateDatabaseType": "HADOOPSPARK",
        "dma_schema": "product_landing",
        "original_sourcedb_id": 254,
        "has_source_definition": true,
        "display_name": "Apache Spark",
        "port": 10000,
        "db_settings": {
          "$type": "SparkDbSettings",
          "data_store": {
            "$type": "DataStoreS3",
            "base_directory_path": "/storage",
            "bucket_path": "dedwards-demo",
            "hive_external_table": false
          },
          "data_store_type": "S3",
          "use_buckets": false,
          "number_of_buckets": 0,
          "format": "PARQUET",
          "authentication_type": "USERNAME",
          "ssl_configuration": {
            "use_ssl": false,
            "allow_self_signed_certs": false
          },
          "is_glue_metadata": false
        },
        "multibyte_character_multiplier": 1,
        "apply_ddl_changes": false,
        "max_table_cols_single_read": 100,
        "original_sourcedb_name": "DemoLanding",
        "uuid": "7dfb27ac-ddd7-4cc8-9728-eb367b87d015",
        "use_long_object_names": false,
        "use_zoo_keeper": false,
        "zoo_keeper_namespace": "hiveserver2",
        "cache_only_the_discovered_tables": true,
        "id": 255,
        "name": "DemoLanding_Landing",
        "version": 636990596184660000,
        "metadata": {
          "creation_time": 636948426003620000,
          "modification_time": 636990596184660000,
          "tags": [],
          "caller_role": "NONE"
        }
      },
      "tags": [],
      "software_version": 5
    },
    {
      "id": 257,
      "path": "/",
      "name": "VersionControl",
      "type": "VersionControl",
      "creation_time": 0,
      "modification_time": 0,
      "inner_item": {
        "$type": "VersionControlDto",
        "type": "Git",
        "use_remote_server": true,
        "remote_url": "https://github.com/dedwardsqlik/ComposeDL.git",
        "user_name": "dedwardsqlik",
        "password": "",
        "name": "VersionControl",
        "version": 637328531995990000,
        "metadata": {
          "creation_time": 637328531663770000,
          "modification_time": 637328531995990000,
          "tags": [],
          "caller_role": "NONE"
        }
      },
      "tags": [],
      "software_version": 1
    },
    {
      "id": 2,
      "path": "/",
      "name": "AWS Data Lake",
      "type": "ExecutionServiceDto",
      "creation_time": 0,
      "modification_time": 0,
      "inner_item": {
        "$type": "ExecutionServiceDto",
        "max_runtime_instances_to_keep": 1000,
        "name": "AWS Data Lake",
        "version": 637328512574120000,
        "metadata": {
          "creation_time": 636904501320220000,
          "modification_time": 637328512574120000,
          "tags": [],
          "caller_role": "NONE"
        }
      },
      "tags": [],
      "software_version": 1
    },
    {
      "id": 256,
      "path": "/",
      "name": "Compactor",
      "type": "ETLInfo",
      "creation_time": 0,
      "modification_time": 0,
      "inner_item": {
        "$type": "ETLInfoDto",
        "data": {
          "seqr_processing": false,
          "FULLREBUILD": false,
          "SELOFRUNS": 0,
          "EMPTYRUNNRSTABLE": true,
          "INSERTRUNNRSTABLE": true,
          "MAXCDC_COLUMNS": 10,
          "SPLITRELSANDATTS": false,
          "STOPAFTERSTAGING": false,
          "PARAM_RUNNR": "1",
          "Using_Max_partitions_for_CDC": false,
          "Max_partitions_for_CDC": 0,
          "dm_cohorts": [],
          "engine_settings": {
            "thread_connection_settings": {
              "thread_pool_size": 10,
              "thread_pool_max": 18,
              "thread_queue_max": 10000,
              "thread_timeout": 3000
            },
            "database_connection_settings": {
              "db_pool_size": 200,
              "db_reap_interval": 30000,
              "db_lease_timeout": 60000,
              "print_db_leases": false
            },
            "engine_logging_settings": {
              "log_level": "INFO",
              "log_file": "$project-path$\\$task-name$\\$task-name$_Log.log",
              "log_file_timestamp": true,
              "log_console": true,
              "log_stack_trace": false,
              "log_jdbc_driver_output": false,
              "log_mapping_fields": false,
              "log_mapping_values": false,
              "log_sync_provider_output": false,
              "log_prep_statmt_bindings": false,
              "log_dbms_leasing": false,
              "log_table_contents": false,
              "log_sql_monitor_output": false,
              "log_param_substitution": false,
              "log_mop_ids": false,
              "log_java_env": false,
              "log_mopping_state": false,
              "log_table_cache_rows": 20,
              "print_final_log": false,
              "print_dbms_info": false,
              "create_missing_tables": false
            },
            "mopping_thread_settings": {
              "mop_direct_write": false,
              "mop_thread_pool_size": 18,
              "mop_thread_pool_max": 18,
              "mop_thread_queue_max": 2500,
              "mop_thread_timeout": 3000,
              "mop_write_queue_max": 100,
              "mop_no_id_ledelins": true,
              "mop_without_write": false
            },
            "general_settings": {
              "java_mem": "-Xms1024M -Xmx4096M",
              "stt_date": "NOW",
              "up_ddate": "NOW",
              "tgt_os": "MSWL",
              "tgt_sh": "cmd",
              "validate_data_types": false,
              "validate_only": false,
              "fetch_size": 1000,
              "batch_max_rows": 20,
              "nr_of_committed_rows": 10000,
              "parameter_worm": true,
              "instruction_delay": false,
              "memory_reaper": false,
              "ORACLE_DATADIRECT": false,
              "ORACLE_TNSNAMES": "",
              "SQLSERVER_DATADIRECT": false,
              "SQLSERVER_DRIVER_1_1": true,
              "JTDS": false,
              "DB2_DATADIRECT": false,
              "encrypted_password": true,
              "change_processing_by_query": false
            },
            "advanced_settings": {
              "retain_stg_tables": false,
              "retain_imt_tables": false,
              "imt_tables_volatile": false,
              "write_etl_cmnds_to_db": false
            },
            "spark_settings": {
              "properties": {}
            }
          },
          "workflow_position": 1,
          "dwh_full_load": false,
          "dm_enable_table_logging": false,
          "allow_updating_to_null": false,
          "from_date_unmapped_value": "LOWEST",
          "CDC__delay": 0
        },
        "active_mappings": [],
        "entity_action": [],
        "etl_type": "Compactor",
        "active_custom_etls": [],
        "uuid": "d680e7f5-97c9-480e-848b-e8c2c739e264",
        "task_Stage": "DataWarehouse",
        "id": 256,
        "name": "Compactor",
        "version": 637322390253010000,
        "metadata": {
          "creation_time": 637322390253010000,
          "modification_time": 637322390253010000,
          "tags": [],
          "caller_role": "NONE"
        }
      },
      "tags": [],
      "software_version": 2
    }
  ]
}